country;continent;year;life_exp;pop;gdp_per_cap;
Afghanistan;Asia;1952;29;8425333;779;4453
Afghanistan;Asia;1957;30;9240934;820;8530
Afghanistan;Asia;1962;32;10267083;853;1007
Afghanistan;Asia;1967;34;11537966;836;1971
Afghanistan;Asia;1972;36;13079460;739;9811
Afghanistan;Asia;1977;38;14880372;786;1134
Afghanistan;Asia;1982;40;12881816;978;114
Afghanistan;Asia;1987;41;13867957;852;3959
Afghanistan;Asia;1992;42;16317921;649;3414
Afghanistan;Asia;1997;42;22227415;635;3414
Afghanistan;Asia;2002;42;25268405;726;7341
Afghanistan;Asia;2007;44;31889923;974;5803
Albania;Europe;1952;55;1282697;1601;561
Albania;Europe;1957;59;1476505;1942;2842
Albania;Europe;1962;65;1728137;2312;8890
Albania;Europe;1967;66;1984060;2760;1969
Albania;Europe;1972;NaN;2263554;3313;4222
Albania;Europe;1977;69;2509048;3533;39
Albania;Europe;1982;70;2780097;3630;8807
Albania;Europe;1987;72;3075321;3738;9327
Albania;Europe;1992;72;3326498;2497;4379
Albania;Europe;1997;73;3428038;3193;546
Albania;Europe;2002;76;3508512;4604;2117
Albania;Europe;2007;76;3600523;5937;295
Algeria;Africa;1952;43;9279525;2449;82
Algeria;Africa;1957;46;10270856;3013;9760
Algeria;Africa;1962;48;11000948;2550;8169
Algeria;Africa;1967;51;12760499;3246;9918
Algeria;Africa;1972;55;14760787;4182;6638
Algeria;Africa;1977;58;17152804;4910;4168
Algeria;Africa;1982;61;20033753;5745;1602
Algeria;Africa;1987;66;23254956;5681;3585
Algeria;Africa;1992;68;26298373;5023;2166
Algeria;Africa;1997;69;29072015;4797;2951
Algeria;Africa;2002;71;31287142;5288;404
Algeria;Africa;2007;72;33333216;6223;3675
Angola;Africa;1952;30;4232095;3520;6103
Angola;Africa;1957;32;4561361;3827;9405
Angola;Africa;1962;34;4826015;4269;2767
Angola;Africa;1967;36;5247469;5522;7764
Angola;Africa;1972;38;5894858;5473;2880
Angola;Africa;1977;39;6162675;3008;6474
Angola;Africa;1982;40;7016384;2756;9537
Angola;Africa;1987;40;7874230;2430;2083
Angola;Africa;1992;41;8735988;2627;8457
Angola;Africa;1997;41;9875024;2277;1409
Angola;Africa;2002;41;10866106;2773;2873
Angola;Africa;2007;43;12420476;4797;2313
Argentina;Americas;1952;62;17876956;5911;3151
Argentina;Americas;1957;64;19610538;6856;8562
Argentina;Americas;1962;65;21283783;7133;1660
Argentina;Americas;1967;66;22934225;8052;9530
Argentina;Americas;1972;67;24779799;9443;385
Argentina;Americas;1977;68;26983828;10079;267
Argentina;Americas;1982;70;29341374;8997;8974
Argentina;Americas;1987;NaN;31620918;9139;6714
Argentina;Americas;1992;72;33958947;9308;4187
Argentina;Americas;1997;73;36203463;10967;2820
Argentina;Americas;2002;74;38331121;8797;6407
Argentina;Americas;2007;75;40301927;12779;3796
Australia;Oceania;1952;69;8691212;10039;5956
Australia;Oceania;1957;70;9712569;10949;6496
Australia;Oceania;1962;71;10794968;12217;2269
Australia;Oceania;1967;71;11872264;14526;1247
Australia;Oceania;1972;72;13177000;16788;6295
Australia;Oceania;1977;73;14074100;18334;1975
Australia;Oceania;1982;75;15184200;19477;93
Australia;Oceania;1987;76;16257249;21888;8890
Australia;Oceania;1992;78;17481977;23424;7668
Australia;Oceania;1997;79;18565243;26997;9366
Australia;Oceania;2002;80;19546792;30687;7547
Australia;Oceania;2007;81;20434176;34435;3674
Austria;Europe;1952;67;6927772;6137;765
Austria;Europe;1957;67;6965860;8842;5980
Austria;Europe;1962;70;7129864;10750;7211
Austria;Europe;1967;70;7376998;12834;6024
Austria;Europe;1972;71;7544201;16661;6256
Austria;Europe;1977;72;7568430;19749;4223
Austria;Europe;1982;73;7574613;21597;836
Austria;Europe;1987;75;7578903;23687;8261
Austria;Europe;1992;76;7914969;27042;187
Austria;Europe;1997;78;8069876;29095;9207
Austria;Europe;2002;79;8148312;32417;6077
Austria;Europe;2007;80;8199783;36126;4927
Bahrain;Asia;1952;NaN;120447;9867;848
Bahrain;Asia;1957;NaN;138655;11635;7995
Bahrain;Asia;1962;NaN;171863;12753;2751
Bahrain;Asia;1967;NaN;202182;14804;6727
Bahrain;Asia;1972;NaN;230800;18268;6584
Bahrain;Asia;1977;NaN;297410;19340;NaN
Bahrain;Asia;1982;69;377967;19211;1473
Bahrain;Asia;1987;71;454612;18524;241
Bahrain;Asia;1992;73;529491;19035;5792
Bahrain;Asia;1997;74;598561;20292;168
Bahrain;Asia;2002;75;656397;23403;5593
Bahrain;Asia;2007;76;708573;29796;483
Bangladesh;Asia;1952;37;46886859;684;2442
Bangladesh;Asia;1957;39;51365468;661;6375
Bangladesh;Asia;1962;41;56839289;686;NaN
Bangladesh;Asia;1967;43;62821884;721;NaN
Bangladesh;Asia;1972;45;70759295;630;2336
Bangladesh;Asia;1977;47;80428306;659;8772
Bangladesh;Asia;1982;50;93074406;676;9819
Bangladesh;Asia;1987;53;103764241;751;9794
Bangladesh;Asia;1992;56;113704579;837;NaN
Bangladesh;Asia;1997;59;123315288;972;7700
Bangladesh;Asia;2002;62;135656790;1136;3904
Bangladesh;Asia;2007;64;150448339;1391;2538
Belgium;Europe;1952;68;8730405;8343;1051
Belgium;Europe;1957;69;8989111;9714;9606
Belgium;Europe;1962;70;9218400;10991;2068
Belgium;Europe;1967;71;9556500;13149;412
Belgium;Europe;1972;71;9709100;16672;1436
Belgium;Europe;1977;73;9821800;19117;9745
Belgium;Europe;1982;74;9856303;20979;8459
Belgium;Europe;1987;75;9870200;22525;5631
Belgium;Europe;1992;76;10045622;25575;5707
Belgium;Europe;1997;78;10199787;27561;1966
Belgium;Europe;2002;78;10311970;30485;8838
Belgium;Europe;2007;79;10392226;33692;6051
Benin;Africa;1952;38;1738315;1062;7522
Benin;Africa;1957;40;1925173;959;6011
Benin;Africa;1962;43;2151895;949;4991
Benin;Africa;1967;45;2427334;1035;8314
Benin;Africa;1972;47;2761407;1085;7969
Benin;Africa;1977;49;3168267;1029;1613
Benin;Africa;1982;51;3641603;1277;8976
Benin;Africa;1987;52;4243788;1225;8560
Benin;Africa;1992;54;4981671;1191;2077
Benin;Africa;1997;55;6066080;1232;9753
Benin;Africa;2002;54;7026113;1372;8779
Benin;Africa;2007;57;8078314;1441;2849
Bolivia;Americas;1952;40;2883315;2677;3263
Bolivia;Americas;1957;42;3211738;2127;6863
Bolivia;Americas;1962;43;3593918;2180;9725
Bolivia;Americas;1967;45;4040665;2586;8861
Bolivia;Americas;1972;47;4565872;2980;3313
Bolivia;Americas;1977;50;5079716;3548;978
Bolivia;Americas;1982;54;5642224;3156;5105
Bolivia;Americas;1987;57;6156369;2753;6915
Bolivia;Americas;1992;60;6893451;2961;6997
Bolivia;Americas;1997;62;7693188;3326;1432
Bolivia;Americas;2002;64;8445134;3413;2627
Bolivia;Americas;2007;66;9119152;3822;1371
Bosnia and Herzegovina;Europe;1952;54;2791000;973;5332
Bosnia and Herzegovina;Europe;1957;58;3076000;1353;9892
Bosnia and Herzegovina;Europe;1962;62;3349000;1709;6837
Bosnia and Herzegovina;Europe;1967;65;3585000;2172;3524
Bosnia and Herzegovina;Europe;1972;67;3819000;2860;1698
Bosnia and Herzegovina;Europe;1977;70;4086000;3528;4813
Bosnia and Herzegovina;Europe;1982;71;4172693;4126;6132
Bosnia and Herzegovina;Europe;1987;71;4338977;4314;1148
Bosnia and Herzegovina;Europe;1992;72;4256013;2546;7814
Bosnia and Herzegovina;Europe;1997;73;3607000;4766;3559
Bosnia and Herzegovina;Europe;2002;74;4165416;6018;9752
Bosnia and Herzegovina;Europe;2007;75;4552198;7446;2988
Botswana;Africa;1952;48;442308;851;2411
Botswana;Africa;1957;50;474639;918;2325
Botswana;Africa;1962;52;512764;983;6540
Botswana;Africa;1967;53;553541;1214;7093
Botswana;Africa;1972;56;619351;2263;6111
Botswana;Africa;1977;59;781472;3214;8578
Botswana;Africa;1982;61;970347;4551;1422
Botswana;Africa;1987;64;1151184;6205;NaN
Botswana;Africa;1992;63;1342614;7954;NaN
Botswana;Africa;1997;53;1536536;8647;NaN
Botswana;Africa;2002;47;1630347;11003;NaN
Botswana;Africa;2007;51;1639131;12569;NaN
Brazil;Americas;1952;NaN;56602560;2108;9444
Brazil;Americas;1957;NaN;65551171;2487;3660
Brazil;Americas;1962;NaN;76039390;3336;5858
Brazil;Americas;1967;NaN;88049823;3429;8644
Brazil;Americas;1972;NaN;100840058;4985;7115
Brazil;Americas;1977;61;114313951;6660;1187
Brazil;Americas;1982;63;128962939;7030;8359
Brazil;Americas;1987;65;142938076;7807;958
Brazil;Americas;1992;67;155975974;6950;2830
Brazil;Americas;1997;69;168546719;7957;9808
Brazil;Americas;2002;71;179914212;8131;2128
Brazil;Americas;2007;72;190010647;9065;8008
Bulgaria;Europe;1952;60;7274900;2444;2866
Bulgaria;Europe;1957;67;7651254;3008;6707
Bulgaria;Europe;1962;70;8012946;4254;3378
Bulgaria;Europe;1967;70;8310226;5577;28
Bulgaria;Europe;1972;71;8576200;6597;4944
Bulgaria;Europe;1977;71;8797022;7612;2404
Bulgaria;Europe;1982;71;8892098;8224;1916
Bulgaria;Europe;1987;71;8971958;8239;8548
Bulgaria;Europe;1992;71;8658506;6302;6234
Bulgaria;Europe;1997;70;8066057;5970;3888
Bulgaria;Europe;2002;72;7661799;7696;7777
Bulgaria;Europe;2007;73;7322858;10680;7928
Burkina Faso;Africa;1952;32;4469979;543;2552
Burkina Faso;Africa;1957;35;4713416;617;1835
Burkina Faso;Africa;1962;38;4919632;722;5120
Burkina Faso;Africa;1967;41;5127935;794;8266
Burkina Faso;Africa;1972;44;5433886;854;7360
Burkina Faso;Africa;1977;46;5889574;743;3870
Burkina Faso;Africa;1982;48;6634596;807;1986
Burkina Faso;Africa;1987;50;7586551;912;631
Burkina Faso;Africa;1992;50;8878303;931;7528
Burkina Faso;Africa;1997;50;10352843;946;2950
Burkina Faso;Africa;2002;51;12251209;1037;6452
Burkina Faso;Africa;2007;52;14326203;1217;330
Burundi;Africa;1952;39;2445618;339;2965
Burundi;Africa;1957;41;2667518;379;5646
Burundi;Africa;1962;42;2961915;355;2032
Burundi;Africa;1967;44;3330989;412;9775
Burundi;Africa;1972;44;3529983;464;995
Burundi;Africa;1977;46;3834415;556;1033
Burundi;Africa;1982;47;4580410;559;6032
Burundi;Africa;1987;48;5126023;621;8188
Burundi;Africa;1992;45;5809236;631;6999
Burundi;Africa;1997;45;6121610;463;1151
Burundi;Africa;2002;47;7021078;446;4035
Burundi;Africa;2007;50;8390505;430;707
Cambodia;Asia;1952;39;4693836;368;4693
Cambodia;Asia;1957;41;5322536;434;383
Cambodia;Asia;1962;43;6083619;496;9136
Cambodia;Asia;1967;45;6960067;523;4323
Cambodia;Asia;1972;40;7450606;421;6240
Cambodia;Asia;1977;31;6978607;524;9722
Cambodia;Asia;1982;51;7272485;624;4755
Cambodia;Asia;1987;54;8371791;683;8956
Cambodia;Asia;1992;56;10150094;682;3032
Cambodia;Asia;1997;57;11782962;734;2852
Cambodia;Asia;2002;57;12926707;896;2260
Cambodia;Asia;2007;60;14131858;1713;7787
Cameroon;Africa;1952;39;5009067;1172;6677
Cameroon;Africa;1957;40;5359923;1313;481
Cameroon;Africa;1962;43;5793633;1399;6074
Cameroon;Africa;1967;45;6335506;1508;4531
Cameroon;Africa;1972;47;7021028;1684;1465
Cameroon;Africa;1977;49;7959865;1783;4329
Cameroon;Africa;1982;53;9250831;2367;9833
Cameroon;Africa;1987;55;10780667;2602;6642
Cameroon;Africa;1992;54;12467171;1793;1633
Cameroon;Africa;1997;52;14195809;1694;3375
Cameroon;Africa;2002;50;15929988;1934;114
Cameroon;Africa;2007;50;17696293;2042;952
Canada;Americas;1952;69;14785584;11367;1611
Canada;Americas;1957;70;17010154;12489;9501
Canada;Americas;1962;71;18985849;13462;4856
Canada;Americas;1967;72;20819767;16076;5880
Canada;Americas;1972;73;22284500;18970;5709
Canada;Americas;1977;74;23796400;22090;8831
Canada;Americas;1982;76;25201900;22898;7921
Canada;Americas;1987;77;26549700;26626;5150
Canada;Americas;1992;78;28523502;26342;8843
Canada;Americas;1997;79;30305843;28954;9259
Canada;Americas;2002;80;31902268;33328;9651
Canada;Americas;2007;81;33390141;36319;2350
Central African Republic;Africa;1952;35;1291695;1071;3107
Central African Republic;Africa;1957;37;1392284;1190;8443
Central African Republic;Africa;1962;39;1523478;1193;688
Central African Republic;Africa;1967;41;1733638;1136;566
Central African Republic;Africa;1972;43;1927260;1070;133
Central African Republic;Africa;1977;47;2167533;1109;3743
Central African Republic;Africa;1982;48;2476971;956;7530
Central African Republic;Africa;1987;50;2840009;844;8764
Central African Republic;Africa;1992;49;3265124;747;9055
Central African Republic;Africa;1997;46;3696513;740;5063
Central African Republic;Africa;2002;43;4048013;738;6906
Central African Republic;Africa;2007;45;4369038;706;165
Chad;Africa;1952;38;2682462;1178;6659
Chad;Africa;1957;40;2894855;1308;4956
Chad;Africa;1962;42;3150417;1389;8176
Chad;Africa;1967;44;3495967;1196;8106
Chad;Africa;1972;46;3899068;1104;1040
Chad;Africa;1977;47;4388260;1133;9850
Chad;Africa;1982;50;4875118;797;9081
Chad;Africa;1987;51;5498955;952;3861
Chad;Africa;1992;52;6429417;1058;643
Chad;Africa;1997;52;7562011;1004;9614
Chad;Africa;2002;51;8835739;1156;1819
Chad;Africa;2007;51;10238807;1704;637
Chile;Americas;1952;55;6377619;3939;9788
Chile;Americas;1957;56;7048426;4315;6227
Chile;Americas;1962;58;7961258;4519;943
Chile;Americas;1967;61;8858908;5106;6543
Chile;Americas;1972;63;9717524;5494;244
Chile;Americas;1977;67;10599793;4756;7638
Chile;Americas;1982;71;11487112;5095;6657
Chile;Americas;1987;72;12463354;5547;638
Chile;Americas;1992;74;13572994;7596;1260
Chile;Americas;1997;76;14599929;10118;532
Chile;Americas;2002;78;15497046;10778;7839
Chile;Americas;2007;79;16284741;13171;6389
China;Asia;1952;44;556263527;400;4486
China;Asia;1957;51;637408000;575;9870
China;Asia;1962;45;665770000;487;6740
China;Asia;1967;58;754550000;612;7057
China;Asia;1972;63;862030000;676;9001
China;Asia;1977;64;943455000;741;2375
China;Asia;1982;66;1000281000;962;4214
China;Asia;1987;67;1084035000;1378;9040
China;Asia;1992;69;1164970000;1655;7842
China;Asia;1997;70;1230075000;2289;2341
China;Asia;2002;72;1280400000;3119;2809
China;Asia;2007;73;1318683096;4959;1149
Colombia;Americas;1952;51;12350771;2144;1151
Colombia;Americas;1957;55;14485993;2323;8056
Colombia;Americas;1962;58;17009885;2492;3511
Colombia;Americas;1967;60;19764027;2678;7298
Colombia;Americas;1972;62;22542890;3264;6600
Colombia;Americas;1977;64;25094412;3815;8079
Colombia;Americas;1982;67;27764644;4397;5757
Colombia;Americas;1987;68;30964245;4903;2191
Colombia;Americas;1992;68;34202721;5444;6486
Colombia;Americas;1997;70;37657830;6117;3617
Colombia;Americas;2002;72;41008227;5755;2600
Colombia;Americas;2007;73;44227550;7006;5804
Comoros;Africa;1952;41;153936;1102;9909
Comoros;Africa;1957;42;170928;1211;1485
Comoros;Africa;1962;44;191689;1406;6483
Comoros;Africa;1967;46;217378;1876;296
Comoros;Africa;1972;49;250027;1937;5777
Comoros;Africa;1977;51;304739;1172;6030
Comoros;Africa;1982;53;348643;1267;1001
Comoros;Africa;1987;55;395114;1315;9808
Comoros;Africa;1992;58;454429;1246;9074
Comoros;Africa;1997;61;527982;1173;6182
Comoros;Africa;2002;63;614382;1075;8116
Comoros;Africa;2007;65;710960;986;1479
Costa Rica;Americas;1952;57;926317;2627;95
Costa Rica;Americas;1957;60;1112300;2990;108
Costa Rica;Americas;1962;63;1345187;3460;9370
Costa Rica;Americas;1967;65;1588717;4161;7278
Costa Rica;Americas;1972;68;1834796;5118;1469
Costa Rica;Americas;1977;71;2108457;5926;8770
Costa Rica;Americas;1982;73;2424367;5262;7348
Costa Rica;Americas;1987;75;2799811;5629;9153
Costa Rica;Americas;1992;76;3173216;6160;4163
Costa Rica;Americas;1997;77;3518107;6677;453
Costa Rica;Americas;2002;78;3834934;7723;4472
Costa Rica;Americas;2007;79;4133884;9645;614
Cote d'Ivoire;Africa;1952;40;2977019;1388;5947
Cote d'Ivoire;Africa;1957;42;3300000;1500;8959
Cote d'Ivoire;Africa;1962;45;3832408;1728;8694
Cote d'Ivoire;Africa;1967;47;4744870;2052;505
Cote d'Ivoire;Africa;1972;50;6071696;2378;2011
Cote d'Ivoire;Africa;1977;52;7459574;2517;7365
Cote d'Ivoire;Africa;1982;54;9025951;2602;7102
Cote d'Ivoire;Africa;1987;55;10761098;2156;9561
Cote d'Ivoire;Africa;1992;52;12772596;1648;738
Cote d'Ivoire;Africa;1997;48;14625967;1786;2654
Cote d'Ivoire;Africa;2002;47;16252726;1648;8008
Cote d'Ivoire;Africa;2007;48;18013409;1544;7501
Croatia;Europe;1952;61;3882229;3119;2365
Croatia;Europe;1957;65;3991242;4338;2316
Croatia;Europe;1962;67;4076557;5477;8900
Croatia;Europe;1967;69;4174366;6960;2979
Croatia;Europe;1972;70;4225310;9164;901
Croatia;Europe;1977;71;4318673;11305;3852
Croatia;Europe;1982;70;4413368;13221;8218
Croatia;Europe;1987;72;4484310;13822;5839
Croatia;Europe;1992;73;4494013;8447;7949
Croatia;Europe;1997;74;4444595;9875;6045
Croatia;Europe;2002;75;4481020;11628;3890
Croatia;Europe;2007;76;4493312;14619;2227
Cuba;Americas;1952;59;6007797;5586;5388
Cuba;Americas;1957;62;6640752;6092;1744
Cuba;Americas;1962;65;7254373;5180;7559
Cuba;Americas;1967;68;8139332;5690;2680
Cuba;Americas;1972;71;8831348;5305;4453
Cuba;Americas;1977;73;9537988;6380;4950
Cuba;Americas;1982;74;9789224;7316;9181
Cuba;Americas;1987;74;10239839;7532;9248
Cuba;Americas;1992;74;10723260;5592;8440
Cuba;Americas;1997;76;10983007;5431;9904
Cuba;Americas;2002;77;11226999;6340;6467
Cuba;Americas;2007;78;11416987;8948;1029
Czech Republic;Europe;1952;67;9125183;6876;1403
Czech Republic;Europe;1957;69;9513758;8256;3439
Czech Republic;Europe;1962;70;9620282;10136;8671
Czech Republic;Europe;1967;70;9835109;11399;4449
Czech Republic;Europe;1972;70;9862158;13108;4536
Czech Republic;Europe;1977;71;10161915;14800;1606
Czech Republic;Europe;1982;71;10303704;15377;2286
Czech Republic;Europe;1987;72;10311597;16310;4434
Czech Republic;Europe;1992;72;10315702;14297;212
Czech Republic;Europe;1997;74;10300707;16048;5142
Czech Republic;Europe;2002;76;10256295;17596;2102
Czech Republic;Europe;2007;76;10228744;22833;3085
Denmark;Europe;1952;71;4334000;9692;3852
Denmark;Europe;1957;72;4487831;11099;6594
Denmark;Europe;1962;72;4646899;13583;3135
Denmark;Europe;1967;73;4838800;15937;2112
Denmark;Europe;1972;73;4991596;18866;2072
Denmark;Europe;1977;75;5088419;20422;9015
Denmark;Europe;1982;75;5117810;21688;405
Denmark;Europe;1987;75;5127024;25116;1758
Denmark;Europe;1992;75;5171393;26406;7399
Denmark;Europe;1997;76;5283663;29804;3457
Denmark;Europe;2002;77;5374693;32166;5001
Denmark;Europe;2007;78;5468120;35278;4187
Djibouti;Africa;1952;35;63149;2669;5295
Djibouti;Africa;1957;37;71851;2864;9691
Djibouti;Africa;1962;40;89898;3020;9893
Djibouti;Africa;1967;42;127617;3020;505
Djibouti;Africa;1972;44;178848;3694;2124
Djibouti;Africa;1977;47;228694;3081;7610
Djibouti;Africa;1982;49;305991;2879;4681
Djibouti;Africa;1987;50;311025;2880;1026
Djibouti;Africa;1992;52;384156;2377;1562
Djibouti;Africa;1997;53;417908;1895;170
Djibouti;Africa;2002;53;447416;1908;2609
Djibouti;Africa;2007;55;496374;2082;4816
Dominican Republic;Americas;1952;46;2491346;1397;7171
Dominican Republic;Americas;1957;50;2923186;1544;4030
Dominican Republic;Americas;1962;53;3453434;1662;1374
Dominican Republic;Americas;1967;57;4049146;1653;7230
Dominican Republic;Americas;1972;60;4671329;2189;8745
Dominican Republic;Americas;1977;62;5302800;2681;9889
Dominican Republic;Americas;1982;64;5968349;2861;924
Dominican Republic;Americas;1987;66;6655297;2899;8422
Dominican Republic;Americas;1992;68;7351181;3044;2142
Dominican Republic;Americas;1997;70;7992357;3614;1013
Dominican Republic;Americas;2002;71;8650322;4563;8082
Dominican Republic;Americas;2007;72;9319622;6025;3748
Ecuador;Americas;1952;48;3548753;3522;1107
Ecuador;Americas;1957;51;4058385;3780;5467
Ecuador;Americas;1962;55;4681707;4086;1141
Ecuador;Americas;1967;57;5432424;4579;742
Ecuador;Americas;1972;59;6298651;5280;9947
Ecuador;Americas;1977;61;7278866;6679;6233
Ecuador;Americas;1982;64;8365850;7213;7913
Ecuador;Americas;1987;67;9545158;6481;7770
Ecuador;Americas;1992;70;10748394;7103;7026
Ecuador;Americas;1997;72;11911819;7429;4559
Ecuador;Americas;2002;74;12921234;5773;445
Ecuador;Americas;2007;75;13755680;6873;2623
Egypt;Africa;1952;42;22223309;1418;8224
Egypt;Africa;1957;44;25009741;1458;9153
Egypt;Africa;1962;47;28173309;1693;3359
Egypt;Africa;1967;49;31681188;1814;8807
Egypt;Africa;1972;51;34807417;2024;81
Egypt;Africa;1977;53;38783863;2785;4936
Egypt;Africa;1982;56;45681811;3503;7296
Egypt;Africa;1987;60;52799062;3885;4607
Egypt;Africa;1992;64;59402198;3794;7552
Egypt;Africa;1997;67;66134291;4173;1818
Egypt;Africa;2002;70;73312559;4754;6044
Egypt;Africa;2007;71;80264543;5581;1810
El Salvador;Americas;1952;45;2042865;3048;3029
El Salvador;Americas;1957;49;2355805;3421;5232
El Salvador;Americas;1962;52;2747687;3776;8036
El Salvador;Americas;1967;56;3232927;4358;5954
El Salvador;Americas;1972;58;3790903;4520;2460
El Salvador;Americas;1977;57;4282586;NaN;9224
El Salvador;Americas;1982;57;4474873;4098;3442
El Salvador;Americas;1987;63;4842194;4140;4421
El Salvador;Americas;1992;67;5274649;4444;2317
El Salvador;Americas;1997;70;5783439;5154;8255
El Salvador;Americas;2002;71;6353681;5351;5687
El Salvador;Americas;2007;72;NaN;5728;3535
Equatorial Guinea;Africa;1952;34;NaN;375;6431
Equatorial Guinea;Africa;1957;36;NaN;426;964
Equatorial Guinea;Africa;1962;37;NaN;582;8420
Equatorial Guinea;Africa;1967;39;NaN;915;5960
Equatorial Guinea;Africa;1972;41;277603;672;4123
Equatorial Guinea;Africa;1977;42;192675;958;5668
Equatorial Guinea;Africa;1982;44;285483;927;8253
Equatorial Guinea;Africa;1987;46;341244;966;8968
Equatorial Guinea;Africa;1992;48;387838;1132;550
Equatorial Guinea;Africa;1997;48;439971;2814;4808
Equatorial Guinea;Africa;2002;49;495627;7703;4959
Equatorial Guinea;Africa;2007;52;551201;12154;898
Eritrea;Africa;1952;36;1438760;328;9406
Eritrea;Africa;1957;38;1542611;344;1619
Eritrea;Africa;1962;40;1666618;380;9958
Eritrea;Africa;1967;42;1820319;468;7950
Eritrea;Africa;1972;44;2260187;514;3242
Eritrea;Africa;1977;45;2512642;505;7538
Eritrea;Africa;1982;44;2637297;524;8758
Eritrea;Africa;1987;46;2915959;521;1341
Eritrea;Africa;1992;50;3668440;582;8585
Eritrea;Africa;1997;53;4058319;913;4708
Eritrea;Africa;2002;55;4414865;765;3500
Eritrea;Africa;2007;58;4906585;641;3695
Ethiopia;Africa;1952;34;20860941;362;1463
Ethiopia;Africa;1957;37;22815614;378;9042
Ethiopia;Africa;1962;40;25145372;419;4564
Ethiopia;Africa;1967;42;27860297;516;1186
Ethiopia;Africa;1972;44;30770372;566;2439
Ethiopia;Africa;1977;45;34617799;556;8084
Ethiopia;Africa;1982;45;NaN;577;8607
Ethiopia;Africa;1987;47;42999530;573;7413
Ethiopia;Africa;1992;48;52088559;421;3535
Ethiopia;Africa;1997;49;59861301;515;8894
Ethiopia;Africa;2002;51;67946797;530;535
Ethiopia;Africa;2007;53;76511887;690;8056
Finland;Europe;1952;67;4090500;6424;5191
Finland;Europe;1957;67;4324000;7545;4154
Finland;Europe;1962;69;4491443;9371;8426
Finland;Europe;1967;70;4605744;10921;6363
Finland;Europe;1972;71;4639657;14358;8759
Finland;Europe;1977;73;4738902;15605;4228
Finland;Europe;1982;75;4826933;18533;1576
Finland;Europe;1987;75;4931729;21141;122
Finland;Europe;1992;76;5041039;20647;1650
Finland;Europe;1997;77;5134406;23723;9502
Finland;Europe;2002;78;5193039;28204;5906
Finland;Europe;2007;79;5238460;33207;844
France;Europe;1952;67;42459667;7029;8093
France;Europe;1957;69;44310863;8662;8349
France;Europe;1962;71;47124000;10560;4855
France;Europe;1967;72;49569000;12999;9177
France;Europe;1972;72;51732000;16107;1917
France;Europe;1977;74;53165019;18292;6351
France;Europe;1982;75;54433565;20293;8975
France;Europe;1987;76;55630100;22066;4421
France;Europe;1992;77;57374179;24703;7962
France;Europe;1997;79;58623428;25889;7849
France;Europe;2002;80;59925035;28926;323
France;Europe;2007;81;61083916;30470;167
Gabon;Africa;1952;37;420702;4293;4765
Gabon;Africa;1957;39;434904;4976;1981
Gabon;Africa;1962;40;455661;6631;4592
Gabon;Africa;1967;45;489004;8358;7620
Gabon;Africa;1972;49;537977;11401;9484
Gabon;Africa;1977;53;706367;21745;5733
Gabon;Africa;1982;57;753874;15113;3619
Gabon;Africa;1987;60;880397;11864;4084
Gabon;Africa;1992;61;985739;13522;1575
Gabon;Africa;1997;60;1126189;14722;8419
Gabon;Africa;2002;57;1299304;12521;7139
Gabon;Africa;2007;57;1454867;13206;4845
Gambia;Africa;1952;30;284320;485;2307
Gambia;Africa;1957;32;323150;520;9267
Gambia;Africa;1962;34;374020;599;6503
Gambia;Africa;1967;36;439593;734;7829
Gambia;Africa;1972;38;517101;756;868
Gambia;Africa;1977;42;608274;884;7553
Gambia;Africa;1982;46;715523;835;8096
Gambia;Africa;1987;49;848406;611;6589
Gambia;Africa;1992;53;1025384;665;6244
Gambia;Africa;1997;56;1235767;653;7302
Gambia;Africa;2002;58;1457766;660;5856
Gambia;Africa;2007;59;1688359;752;7497
Germany;Europe;1952;68;69145952;7144;1144
Germany;Europe;1957;69;71019069;10187;8267
Germany;Europe;1962;70;73739117;12902;4629
Germany;Europe;1967;71;76368453;14745;6256
Germany;Europe;1972;71;78717088;18016;1803
Germany;Europe;1977;73;78160773;20512;9212
Germany;Europe;1982;74;78335266;22031;5327
Germany;Europe;1987;75;77718298;24639;1857
Germany;Europe;1992;76;80597764;26505;3032
Germany;Europe;1997;77;82011073;27788;8842
Germany;Europe;2002;79;82350671;30035;8020
Germany;Europe;2007;79;82400996;32170;3744
Ghana;Africa;1952;43;5581001;911;2989
Ghana;Africa;1957;45;6391288;1043;5615
Ghana;Africa;1962;46;7355248;1190;411
Ghana;Africa;1967;48;8490213;1125;6972
Ghana;Africa;1972;50;9354120;1178;2237
Ghana;Africa;1977;52;10538093;993;2240
Ghana;Africa;1982;54;11400338;876;326
Ghana;Africa;1987;56;14168101;847;61
Ghana;Africa;1992;58;16278738;925;602
Ghana;Africa;1997;59;18418288;1005;2458
Ghana;Africa;2002;58;20550751;1111;9846
Ghana;Africa;2007;60;22873338;1327;6089
Greece;Europe;1952;66;7733250;3530;6901
Greece;Europe;1957;68;8096218;4916;2999
Greece;Europe;1962;70;8448233;6017;1907
Greece;Europe;1967;71;8716441;8513;970
Greece;Europe;1972;72;8888628;12724;8296
Greece;Europe;1977;74;9308479;14195;5243
Greece;Europe;1982;75;9786480;15268;4209
Greece;Europe;1987;77;9974490;16120;5284
Greece;Europe;1992;77;10325429;17541;4963
Greece;Europe;1997;78;10502372;18747;6981
Greece;Europe;2002;78;10603863;22514;2548
Greece;Europe;2007;79;10706290;27538;4119
Guatemala;Americas;1952;42;3146381;2428;2378
Guatemala;Americas;1957;44;3640876;2617;1560
Guatemala;Americas;1962;47;4208858;2750;3644
Guatemala;Americas;1967;50;4690773;3242;5311
Guatemala;Americas;1972;54;5149581;4031;4083
Guatemala;Americas;1977;56;5703430;4879;9927
Guatemala;Americas;1982;58;6395630;4820;4948
Guatemala;Americas;1987;61;7326406;4246;4860
Guatemala;Americas;1992;63;8486949;4439;4508
Guatemala;Americas;1997;66;9803875;4684;3138
Guatemala;Americas;2002;69;11178650;4858;3475
Guatemala;Americas;2007;70;12572928;5186;500
Guinea;Africa;1952;34;2664249;510;1965
Guinea;Africa;1957;35;2876726;576;2670
Guinea;Africa;1962;36;3140003;686;3737
Guinea;Africa;1967;37;3451418;708;7595
Guinea;Africa;1972;39;3811387;741;6662
Guinea;Africa;1977;41;4227026;874;6859
Guinea;Africa;1982;43;4710497;857;2504
Guinea;Africa;1987;46;5650262;805;5725
Guinea;Africa;1992;49;6990574;794;3484
Guinea;Africa;1997;51;8048834;869;4498
Guinea;Africa;2002;54;8807818;945;5836
Guinea;Africa;2007;56;9947814;942;6542
Guinea-Bissau;Africa;1952;33;580653;299;8503
Guinea-Bissau;Africa;1957;33;601095;431;7905
Guinea-Bissau;Africa;1962;34;627820;522;344
Guinea-Bissau;Africa;1967;35;601287;715;5806
Guinea-Bissau;Africa;1972;36;625361;820;2246
Guinea-Bissau;Africa;1977;37;745228;764;7260
Guinea-Bissau;Africa;1982;39;825987;838;1240
Guinea-Bissau;Africa;1987;41;927524;736;4154
Guinea-Bissau;Africa;1992;43;1050938;745;5399
Guinea-Bissau;Africa;1997;45;1193708;796;6645
Guinea-Bissau;Africa;2002;46;1332459;575;7047
Guinea-Bissau;Africa;2007;46;1472041;579;2317
Haiti;Americas;1952;38;3201488;1840;3669
Haiti;Americas;1957;41;3507701;1726;8879
Haiti;Americas;1962;44;3880130;1796;5890
Haiti;Americas;1967;46;4318137;1452;577
Haiti;Americas;1972;48;4698301;1654;4569
Haiti;Americas;1977;50;4908554;1874;2989
Haiti;Americas;1982;51;5198399;2011;1595
Haiti;Americas;1987;54;5756203;1823;160
Haiti;Americas;1992;55;6326682;1456;3095
Haiti;Americas;1997;57;6913545;1341;7269
Haiti;Americas;2002;58;7607651;1270;3649
Haiti;Americas;2007;61;8502814;1201;6372
Honduras;Americas;1952;42;1517453;2194;9262
Honduras;Americas;1957;45;1770390;2220;4877
Honduras;Americas;1962;48;2090162;2291;1568
Honduras;Americas;1967;51;2500689;2538;2694
Honduras;Americas;1972;54;2965146;2529;8423
Honduras;Americas;1977;57;3055235;3203;2081
Honduras;Americas;1982;61;3669448;3121;7608
Honduras;Americas;1987;64;4372203;3023;967
Honduras;Americas;1992;66;5077347;3081;6946
Honduras;Americas;1997;68;5867957;3160;4549
Honduras;Americas;2002;69;6677328;3099;7287
Honduras;Americas;2007;70;7483763;3548;3308
Hungary;Europe;1952;64;9504000;5263;6738
Hungary;Europe;1957;66;9839000;6040;1800
Hungary;Europe;1962;68;10063000;7550;3599
Hungary;Europe;1967;70;10223422;9326;6447
Hungary;Europe;1972;70;10394091;10168;6561
Hungary;Europe;1977;70;10637171;11674;8374
Hungary;Europe;1982;69;10705535;12545;9907
Hungary;Europe;1987;70;10612740;12986;4800
Hungary;Europe;1992;69;10348684;10535;6286
Hungary;Europe;1997;71;10244684;11712;7768
Hungary;Europe;2002;73;10083313;14843;9356
Hungary;Europe;2007;73;9956108;18008;9444
Iceland;Europe;1952;72;147962;7267;6884
Iceland;Europe;1957;73;165110;9244;14
Iceland;Europe;1962;74;182053;10350;1591
Iceland;Europe;1967;74;198676;13319;8957
Iceland;Europe;1972;74;209275;15798;636
Iceland;Europe;1977;76;221823;19654;9625
Iceland;Europe;1982;77;233997;23269;6075
Iceland;Europe;1987;77;244676;26923;2063
Iceland;Europe;1992;79;259012;25144;3920
Iceland;Europe;1997;79;271192;28061;997
Iceland;Europe;2002;81;288030;31163;2020
Iceland;Europe;2007;82;301931;36180;7892
India;Asia;1952;37;372000000;546;5657
India;Asia;1957;40;409000000;590;620
India;Asia;1962;44;454000000;658;3472
India;Asia;1967;47;506000000;700;7706
India;Asia;1972;51;567000000;724;325
India;Asia;1977;54;634000000;813;3373
India;Asia;1982;57;708000000;855;7235
India;Asia;1987;59;788000000;976;5127
India;Asia;1992;60;872000000;1164;4068
India;Asia;1997;62;959000000;1458;8174
India;Asia;2002;63;1034172547;1746;7695
India;Asia;2007;65;1110396331;2452;2104
Indonesia;Asia;1952;37;82052000;749;6817
Indonesia;Asia;1957;40;90124000;858;9003
Indonesia;Asia;1962;43;99028000;849;2898
Indonesia;Asia;1967;46;109343000;762;4318
Indonesia;Asia;1972;49;121282000;1111;1079
Indonesia;Asia;1977;53;136725000;1382;7021
Indonesia;Asia;1982;56;153343000;1516;8730
Indonesia;Asia;1987;60;169276000;1748;3570
Indonesia;Asia;1992;63;184816000;2383;1409
Indonesia;Asia;1997;66;199278000;3119;3356
Indonesia;Asia;2002;69;211060000;2873;9129
Indonesia;Asia;2007;71;223547000;3540;6516
Iran;Asia;1952;45;17272000;3035;3260
Iran;Asia;1957;47;19792000;3290;2576
Iran;Asia;1962;49;22874000;4187;3298
Iran;Asia;1967;52;26538000;5906;7318
Iran;Asia;1972;55;30614000;9613;8186
Iran;Asia;1977;58;35480679;11888;5951
Iran;Asia;1982;60;43072751;7608;3346
Iran;Asia;1987;63;51889696;6642;8814
Iran;Asia;1992;66;60397973;7235;6532
Iran;Asia;1997;68;63327987;8263;5903
Iran;Asia;2002;69;66907826;9240;7620
Iran;Asia;2007;71;69453570;11605;7145
Iraq;Asia;1952;45;5441766;4129;7661
Iraq;Asia;1957;48;6248643;6229;3336
Iraq;Asia;1962;51;7240260;8341;7378
Iraq;Asia;1967;54;8519282;8931;4598
Iraq;Asia;1972;57;10061506;9576;376
Iraq;Asia;1977;60;11882916;14688;2351
Iraq;Asia;1982;62;14173318;14517;9071
Iraq;Asia;1987;65;16543189;11643;5727
Iraq;Asia;1992;59;17861905;3745;6407
Iraq;Asia;1997;59;20775703;3076;2398
Iraq;Asia;2002;57;24001816;4390;7173
Iraq;Asia;2007;60;27499638;4471;619
Ireland;Europe;1952;67;2952156;5210;2803
Ireland;Europe;1957;69;2878220;5599;779
Ireland;Europe;1962;70;2830000;6631;5973
Ireland;Europe;1967;71;2900100;7655;5690
Ireland;Europe;1972;71;3024400;9530;7729
Ireland;Europe;1977;72;3271900;11150;9811
Ireland;Europe;1982;73;3480000;12618;3214
Ireland;Europe;1987;74;3539900;13872;8665
Ireland;Europe;1992;75;3557761;17558;8156
Ireland;Europe;1997;76;3667233;24521;9471
Ireland;Europe;2002;78;3879155;34077;494
Ireland;Europe;2007;79;4109086;40675;9964
Israel;Asia;1952;65;1620914;4086;5221
Israel;Asia;1957;68;1944401;5385;2785
Israel;Asia;1962;69;2310904;7105;6307
Israel;Asia;1967;71;2693585;8393;7414
Israel;Asia;1972;72;3095893;12786;9322
Israel;Asia;1977;73;3495918;13306;6192
Israel;Asia;1982;74;3858421;15367;292
Israel;Asia;1987;76;4203148;17122;4799
Israel;Asia;1992;77;4936550;18051;5225
Israel;Asia;1997;78;5531387;20896;6092
Israel;Asia;2002;80;6029529;21905;5951
Israel;Asia;2007;81;6426679;25523;2771
Italy;Europe;1952;66;47666000;4931;4042
Italy;Europe;1957;68;49182000;6248;6562
Italy;Europe;1962;69;50843200;8243;5823
Italy;Europe;1967;71;52667100;10022;4013
Italy;Europe;1972;72;54365564;12269;2738
Italy;Europe;1977;73;56059245;14255;9848
Italy;Europe;1982;75;56535636;16537;4835
Italy;Europe;1987;76;56729703;19207;2348
Italy;Europe;1992;77;56840847;22013;6449
Italy;Europe;1997;79;57479469;24675;245
Italy;Europe;2002;80;57926999;27968;982
Italy;Europe;2007;81;58147733;28569;7197
Jamaica;Americas;1952;59;1426095;2898;5309
Jamaica;Americas;1957;63;1535090;4756;5258
Jamaica;Americas;1962;66;1665128;5246;1075
Jamaica;Americas;1967;68;1861096;6124;7035
Jamaica;Americas;1972;69;1997616;7433;8893
Jamaica;Americas;1977;70;2156814;6650;1956
Jamaica;Americas;1982;71;2298309;6068;514
Jamaica;Americas;1987;72;2326606;6351;2375
Jamaica;Americas;1992;72;2378618;7404;9237
Jamaica;Americas;1997;72;2531311;7121;9247
Jamaica;Americas;2002;72;2664659;6994;7749
Jamaica;Americas;2007;73;2780132;7320;8803
Japan;Asia;1952;63;86459025;3216;9563
Japan;Asia;1957;66;91563009;4317;6944
Japan;Asia;1962;69;95831757;6576;6495
Japan;Asia;1967;71;100825279;9847;7886
Japan;Asia;1972;73;107188273;14778;7864
Japan;Asia;1977;75;113872473;16610;3770
Japan;Asia;1982;77;118454974;19384;1057
Japan;Asia;1987;79;122091325;22375;9419
Japan;Asia;1992;79;124329269;26824;8951
Japan;Asia;1997;81;125956499;28816;5850
Japan;Asia;2002;82;127065841;28604;5919
Japan;Asia;2007;83;127467972;31656;681
Jordan;Asia;1952;43;607914;1546;9078
Jordan;Asia;1957;46;746559;1886;806
Jordan;Asia;1962;48;933559;2348;92
Jordan;Asia;1967;52;1255058;2741;7963
Jordan;Asia;1972;57;1613551;2110;8563
Jordan;Asia;1977;61;1937652;2852;3516
Jordan;Asia;1982;64;2347031;4161;4160
Jordan;Asia;1987;66;2820042;4448;6799
Jordan;Asia;1992;68;3867409;3431;5936
Jordan;Asia;1997;70;4526235;3645;3796
Jordan;Asia;2002;71;5307470;3844;9172
Jordan;Asia;2007;73;6053193;4519;4612
Kenya;Africa;1952;42;6464046;853;5409
Kenya;Africa;1957;45;7454779;944;4383
Kenya;Africa;1962;48;8678557;896;9664
Kenya;Africa;1967;51;10191512;1056;7365
Kenya;Africa;1972;54;12044785;1222;3600
Kenya;Africa;1977;56;14500404;1267;6132
Kenya;Africa;1982;59;17661452;1348;2258
Kenya;Africa;1987;59;21198082;1361;9369
Kenya;Africa;1992;59;25020539;1341;9217
Kenya;Africa;1997;54;28263827;1360;4850
Kenya;Africa;2002;51;31386842;1287;5147
Kenya;Africa;2007;54;35610177;1463;2493
Kuwait;Asia;1952;56;160000;108382;3529
Kuwait;Asia;1957;58;212846;113523;1329
Kuwait;Asia;1962;60;358266;95458;1118
Kuwait;Asia;1967;65;575003;80894;8833
Kuwait;Asia;1972;68;841934;109347;8670
Kuwait;Asia;1977;69;1140357;59265;4771
Kuwait;Asia;1982;71;1497494;31354;357
Kuwait;Asia;1987;74;1891487;28118;4300
Kuwait;Asia;1992;75;1418095;34932;9196
Kuwait;Asia;1997;76;1765345;40300;6200
Kuwait;Asia;2002;77;2111561;35110;1057
Kuwait;Asia;2007;78;2505559;47306;9898
Lebanon;Asia;1952;56;1439529;4834;8041
Lebanon;Asia;1957;59;1647412;6089;7869
Lebanon;Asia;1962;62;1886848;5714;5606
Lebanon;Asia;1967;64;2186894;6006;9830
Lebanon;Asia;1972;65;2680018;7486;3843
Lebanon;Asia;1977;66;3115787;8659;6968
Lebanon;Asia;1982;67;3086876;7640;5195
Lebanon;Asia;1987;68;3089353;5377;913
Lebanon;Asia;1992;69;3219994;6890;8069
Lebanon;Asia;1997;70;3430388;8754;9639
Lebanon;Asia;2002;71;3677780;9313;9388
Lebanon;Asia;2007;72;3921278;10461;587
Lesotho;Africa;1952;42;748747;298;8462
Lesotho;Africa;1957;45;813338;335;9971
Lesotho;Africa;1962;48;893143;411;8006
Lesotho;Africa;1967;48;996380;498;6390
Lesotho;Africa;1972;50;1116779;496;5816
Lesotho;Africa;1977;52;1251524;745;3695
Lesotho;Africa;1982;55;1411807;797;2631
Lesotho;Africa;1987;57;1599200;773;9932
Lesotho;Africa;1992;60;1803195;977;4863
Lesotho;Africa;1997;56;1982823;1186;1480
Lesotho;Africa;2002;45;2046772;1275;1846
Lesotho;Africa;2007;43;2012649;1569;3314
Liberia;Africa;1952;38;863308;575;5730
Liberia;Africa;1957;39;975950;620;9700
Liberia;Africa;1962;41;1112796;634;1952
Liberia;Africa;1967;42;1279406;713;6036
Liberia;Africa;1972;43;1482628;803;55
Liberia;Africa;1977;44;1703617;640;3224
Liberia;Africa;1982;45;1956875;572;1996
Liberia;Africa;1987;46;2269414;506;1139
Liberia;Africa;1992;41;1912974;636;6229
Liberia;Africa;1997;42;2200725;609;1740
Liberia;Africa;2002;44;2814651;531;4824
Liberia;Africa;2007;46;3193942;414;5073
Libya;Africa;1952;43;1019729;2387;5481
Libya;Africa;1957;45;1201578;3448;2844
Libya;Africa;1962;48;1441863;6757;308
Libya;Africa;1967;50;1759224;18772;7517
Libya;Africa;1972;53;2183877;21011;4972
Libya;Africa;1977;57;2721783;21951;2118
Libya;Africa;1982;62;3344074;17364;2754
Libya;Africa;1987;66;3799845;11770;5898
Libya;Africa;1992;69;4364501;9640;1385
Libya;Africa;1997;72;4759670;9467;4461
Libya;Africa;2002;73;5368585;9534;6775
Libya;Africa;2007;74;6036914;12057;4993
Madagascar;Africa;1952;37;4762912;1443;117
Madagascar;Africa;1957;39;5181679;1589;2028
Madagascar;Africa;1962;41;5703324;1643;3871
Madagascar;Africa;1967;43;6334556;1634;473
Madagascar;Africa;1972;45;7082430;1748;5630
Madagascar;Africa;1977;47;8007166;1544;2286
Madagascar;Africa;1982;49;9171477;1302;8787
Madagascar;Africa;1987;49;10568642;1155;4419
Madagascar;Africa;1992;52;12210395;1040;6762
Madagascar;Africa;1997;55;14165114;NaN;2959
Madagascar;Africa;2002;57;16473477;NaN;6371
Madagascar;Africa;2007;59;19167654;NaN;7701
Malawi;Africa;1952;36;2917802;369;1651
Malawi;Africa;1957;37;3221238;416;3698
Malawi;Africa;1962;NaN;3628608;427;NaN
Malawi;Africa;1967;NaN;4147252;495;5148
Malawi;Africa;1972;NaN;4730997;584;6220
Malawi;Africa;1977;NaN;5637246;663;2237
Malawi;Africa;1982;NaN;6502825;632;8039
Malawi;Africa;1987;NaN;7824747;635;5174
Malawi;Africa;1992;NaN;10014249;563;2000
Malawi;Africa;1997;NaN;10419991;692;2758
Malawi;Africa;2002;45;11824495;665;4231
Malawi;Africa;2007;48;13327079;759;3499
Malaysia;Asia;1952;48;6748378;1831;1329
Malaysia;Asia;1957;52;7739235;1810;670
Malaysia;Asia;1962;56;8906385;2036;8849
Malaysia;Asia;1967;59;10154878;2277;7424
Malaysia;Asia;1972;63;11441462;2849;948
Malaysia;Asia;1977;65;12845381;3827;9216
Malaysia;Asia;1982;68;14441916;4920;3560
Malaysia;Asia;1987;70;16331785;5249;8027
Malaysia;Asia;1992;71;18319502;7277;9128
Malaysia;Asia;1997;72;20476091;10132;9096
Malaysia;Asia;2002;73;22662365;10206;9779
Malaysia;Asia;2007;74;24821286;12451;6558
Mali;Africa;1952;34;3838168;452;3370
Mali;Africa;1957;35;4241884;490;3822
Mali;Africa;1962;37;4690372;496;1743
Mali;Africa;1967;38;5212416;545;99
Mali;Africa;1972;40;5828158;581;3689
Mali;Africa;1977;42;6491649;686;3953
Mali;Africa;1982;44;6998256;618;141
Mali;Africa;1987;46;7634008;684;1716
Mali;Africa;1992;48;8416215;739;144
Mali;Africa;1997;50;9384984;790;2580
Mali;Africa;2002;52;10580176;951;4098
Mali;Africa;2007;54;12031795;1042;5816
Mauritania;Africa;1952;41;1022556;743;1159
Mauritania;Africa;1957;42;1076852;846;1203
Mauritania;Africa;NaN;44;1146757;1055;8960
Mauritania;Africa;NaN;46;1230542;1421;1452
Mauritania;Africa;NaN;48;1332786;1586;8518
Mauritania;Africa;NaN;51;1456688;1497;4922
Mauritania;Africa;NaN;54;1622136;1481;1502
Mauritania;Africa;1987;56;1841240;1421;6036
Mauritania;Africa;1992;58;2119465;1361;3698
Mauritania;Africa;1997;60;2444741;1483;1361
Mauritania;Africa;2002;62;2828858;1579;195
Mauritania;Africa;2007;64;3270065;1803;1515
Mauritius;Africa;1952;51;516556;1967;9557
Mauritius;Africa;1957;58;609816;2034;380
Mauritius;Africa;1962;60;NaN;2529;675
Mauritius;Africa;1967;62;NaN;2475;3876
Mauritius;Africa;1972;63;NaN;NaN;4842
Mauritius;Africa;1977;65;NaN;3710;9830
Mauritius;Africa;1982;67;992040;3688;377
Mauritius;Africa;1987;69;1042663;4783;5869
Mauritius;Africa;1992;70;1096202;6058;2538
Mauritius;Africa;1997;71;1149818;7425;7053
Mauritius;Africa;2002;72;1200206;9021;8159
Mauritius;Africa;2007;73;1250882;10956;9911
Mexico;Americas;1952;51;30144317;3478;1255
Mexico;Americas;1957;55;35015548;4131;5466
Mexico;Americas;1962;58;41121485;4581;6094
Mexico;Americas;1967;60;47995559;5754;7339
Mexico;Americas;1972;62;55984294;6809;4067
Mexico;Americas;1977;65;63759976;7674;9291
Mexico;Americas;1982;67;71640904;9611;1475
Mexico;Americas;1987;69;80122492;8688;1560
Mexico;Americas;1992;71;88111030;9472;3843
Mexico;Americas;1997;74;95895146;9767;2975
Mexico;Americas;2002;75;102479927;10742;4405
Mexico;Americas;2007;76;108700891;11977;5750
Mongolia;Asia;1952;42;800663;786;5669
Mongolia;Asia;1957;45;882134;912;6626
Mongolia;Asia;1962;48;1010280;1056;3540
Mongolia;Asia;1967;51;1149500;1226;411
Mongolia;Asia;1972;54;1320500;1421;7420
Mongolia;Asia;1977;55;1528000;1647;5117
Mongolia;Asia;1982;57;1756032;2000;6031
Mongolia;Asia;1987;60;2015133;2338;83
Mongolia;Asia;1992;61;2312802;1785;4020
Mongolia;Asia;1997;64;2494803;1902;2521
Mongolia;Asia;2002;65;2674234;2140;7393
Mongolia;Asia;2007;67;2874127;3095;7723
Montenegro;Europe;1952;59;413834;2647;5856
Montenegro;Europe;1957;61;442829;3682;2599
Montenegro;Europe;1962;64;474528;4649;5938
Montenegro;Europe;1967;67;501035;5907;8509
Montenegro;Europe;1972;71;527678;7778;4140
Montenegro;Europe;1977;73;560073;9595;9299
Montenegro;Europe;1982;74;562548;11222;5876
Montenegro;Europe;1987;75;569473;NaN;5102
Montenegro;Europe;1992;75;621621;7003;3390
Montenegro;Europe;1997;NaN;692651;6465;6133
Montenegro;Europe;2002;NaN;720230;6557;1943
Montenegro;Europe;2007;NaN;684736;9253;8961
Morocco;Africa;1952;NaN;9939217;1688;2036
Morocco;Africa;1957;NaN;11406350;1642;23
Morocco;Africa;1962;NaN;13056604;1566;3535
Morocco;Africa;1967;50;14770296;1711;448
Morocco;Africa;1972;53;16660670;1930;1950
Morocco;Africa;1977;56;18396941;2370;6200
Morocco;Africa;1982;60;20198730;2702;6204
Morocco;Africa;1987;63;22987397;2755;470
Morocco;Africa;1992;65;25798239;2948;473
Morocco;Africa;1997;68;28529501;2982;1019
Morocco;Africa;2002;70;31167783;3258;4956
Morocco;Africa;2007;71;33757175;3820;1752
Mozambique;Africa;1952;31;6446316;468;5260
Mozambique;Africa;1957;34;7038035;495;5868
Mozambique;Africa;1962;36;7788944;556;6864
Mozambique;Africa;1967;38;8680909;566;6692
Mozambique;Africa;1972;40;9809596;724;9178
Mozambique;Africa;1977;42;11127868;502;3197
Mozambique;Africa;1982;43;12587223;462;2114
Mozambique;Africa;1987;43;12891952;389;8762
Mozambique;Africa;1992;44;13160731;410;8968
Mozambique;Africa;1997;46;16603334;472;3461
Mozambique;Africa;2002;44;18473780;633;6179
Mozambique;Africa;2007;42;19951656;823;6856
Myanmar;Asia;1952;36;20092996;331;0
Myanmar;Asia;1957;42;21731844;350;0
Myanmar;Asia;1962;45;23634436;388;0
Myanmar;Asia;1967;49;25870271;349;0
Myanmar;Asia;1972;53;28466390;357;0
Myanmar;Asia;1977;56;31528087;371;0
Myanmar;Asia;1982;58;34680442;424;0
Myanmar;Asia;1987;58;38028578;385;0
Myanmar;Asia;1992;59;40546538;347;0
Myanmar;Asia;1997;60;43247867;415;0
Myanmar;Asia;2002;60;45598081;611;0
Myanmar;Asia;2007;62;47761980;944;0
Namibia;Africa;1952;42;485831;2423;7804
Namibia;Africa;1957;45;548080;2621;4481
Namibia;Africa;1962;48;621392;3173;2156
Namibia;Africa;1967;51;706640;3793;6948
Namibia;Africa;1972;54;821782;3746;809
Namibia;Africa;1977;56;977026;3876;4860
Namibia;Africa;1982;59;1099010;4191;1005
Namibia;Africa;1987;61;1278184;3693;7313
Namibia;Africa;1992;62;1554253;3804;5380
Namibia;Africa;1997;59;1774766;3899;5243
Namibia;Africa;2002;51;1972153;4072;3248
Namibia;Africa;2007;53;2055080;4811;604
Nepal;Asia;1952;36;9182536;545;8657
Nepal;Asia;1957;38;9682338;597;9364
Nepal;Asia;1962;39;10332057;652;3969
Nepal;Asia;1967;41;11261690;676;4422
Nepal;Asia;1972;44;12412593;674;7881
Nepal;Asia;1977;47;13933198;694;1124
Nepal;Asia;1982;50;15796314;718;3731
Nepal;Asia;1987;53;17917180;775;6325
Nepal;Asia;1992;56;20326209;897;7404
Nepal;Asia;1997;59;23001113;1010;8921
Nepal;Asia;2002;61;25873917;1057;2063
Nepal;Asia;2007;64;28901790;1091;3598
Netherlands;Europe;1952;72;10381988;8941;5719
Netherlands;Europe;1957;73;11026383;11276;1934
Netherlands;Europe;1962;73;11805689;12790;8496
Netherlands;Europe;1967;74;12596822;15363;2514
Netherlands;Europe;1972;74;13329874;18794;7457
Netherlands;Europe;1977;75;13852989;21209;592
Netherlands;Europe;1982;76;14310401;21399;4605
Netherlands;Europe;1987;77;14665278;23651;3236
Netherlands;Europe;1992;77;15174244;26790;9496
Netherlands;Europe;1997;78;15604464;30246;1306
Netherlands;Europe;2002;79;16122830;33724;7578
Netherlands;Europe;2007;80;16570613;36797;9333
New Zealand;NaN;1952;69;1994794;10556;5757
New Zealand;Oceania;1957;70;2229407;12247;3953
New Zealand;Oceania;1962;71;2488550;13175;6780
New Zealand;Oceania;1967;NaN;2728150;14463;9189
New Zealand;Oceania;1972;72;2929100;16046;373
New Zealand;Oceania;1977;72;3164900;16233;7177
New Zealand;Oceania;1982;74;3210650;17632;4104
New Zealand;Oceania;NaN;74;3317166;19007;1913
New Zealand;Oceania;1992;76;3437674;18363;3249
New Zealand;Oceania;1997;78;3676187;21050;4138
New Zealand;Oceania;2002;79;3908037;23189;8014
New Zealand;Oceania;2007;80;4115771;25185;91
Nicaragua;Americas;1952;42;1165790;3112;3639
Nicaragua;Americas;1957;45;1358828;3457;4159
Nicaragua;Americas;1962;49;1590597;3634;3644
Nicaragua;Americas;1967;52;1865490;4643;3935
Nicaragua;Americas;1972;55;2182908;4688;5933
Nicaragua;Americas;1977;57;2554598;5486;3711
Nicaragua;Americas;1982;59;2979423;3470;3382
Nicaragua;Americas;1987;62;3344353;2955;9844
Nicaragua;Americas;1992;66;4017939;2170;1517
Nicaragua;Americas;1997;68;4609572;2253;230
Nicaragua;Americas;2002;71;5146848;2474;5488
Nicaragua;Americas;2007;73;5675356;2749;3210
Niger;Africa;1952;37;3379468;761;8794
Niger;Africa;1957;39;3692184;835;5234
Niger;Africa;1962;39;4076008;997;7661
Niger;Africa;1967;40;4534062;1054;3849
Niger;Africa;1972;41;5060262;954;2092
Niger;Africa;1977;41;5682086;808;8971
Niger;Africa;1982;43;6437188;909;7221
Niger;Africa;1987;45;7332638;668;3000
Niger;Africa;1992;47;8392818;581;1827
Niger;Africa;1997;51;9666252;580;3052
Niger;Africa;2002;54;11140655;601;745
Niger;Africa;2007;57;12894865;619;6769
Nigeria;Africa;1952;36;33119096;1077;2819
Nigeria;Africa;1957;38;37173340;1100;5926
Nigeria;Africa;1962;39;41871351;1150;9275
Nigeria;Africa;1967;41;47287752;1014;5141
Nigeria;Africa;1972;43;53740085;1698;3888
Nigeria;Africa;1977;45;62209173;1981;9518
Nigeria;Africa;1982;46;73039376;1576;9738
Nigeria;Africa;1987;47;81551520;1385;296
Nigeria;Africa;1992;47;93364244;1619;8482
Nigeria;Africa;1997;47;106207839;1624;9413
Nigeria;Africa;2002;47;119901274;1615;2864
Nigeria;Africa;2007;47;135031164;2013;9773
Norway;Europe;1952;73;3327728;10095;4217
Norway;Europe;1957;73;3491938;11653;9730
Norway;Europe;1962;73;3638919;13450;4015
Norway;Europe;1967;74;NaN;16361;8765
Norway;Europe;1972;74;3933004;18965;555
Norway;Europe;1977;75;4043205;23311;3494
Norway;Europe;1982;76;4114787;26298;6353
Norway;Europe;1987;76;NaN;31540;9748
Norway;Europe;1992;77;4286357;33965;6612
Norway;Europe;1997;78;4405672;41283;1643
Norway;Europe;2002;79;4535591;44683;9753
Norway;Europe;2007;80;NaN;49357;1902
Oman;Asia;NaN;38;507833;1828;2303
Oman;Asia;1957;40;561977;2242;7466
Oman;Asia;1962;43;628164;2924;6381
Oman;Asia;1967;47;714775;4720;9427
Oman;Asia;1972;52;829050;10618;386
Oman;Asia;1977;57;1004533;11848;3439
Oman;Asia;1982;63;1301048;12954;7910
Oman;Asia;1987;68;1593882;18115;2231
Oman;Asia;1992;71;1915208;18616;7069
Oman;Asia;1997;72;2283635;19702;558
Oman;Asia;2002;74;2713462;19774;8369
Oman;Asia;2007;76;3204897;22316;1929
Pakistan;Asia;1952;43;41346560;684;5971
Pakistan;Asia;1957;46;46679944;747;835
Pakistan;Asia;1962;48;53100671;803;3427
Pakistan;Asia;1967;50;60641899;942;4083
Pakistan;Asia;1972;52;69325921;1049;9390
Pakistan;Asia;1977;54;78152686;1175;9212
Pakistan;Asia;1982;56;91462088;1443;4298
Pakistan;Asia;1987;58;105186881;1704;6866
Pakistan;Asia;1992;61;120065004;1971;8295
Pakistan;Asia;1997;62;135564834;2049;3505
Pakistan;Asia;2002;64;153403524;2092;7124
Pakistan;Asia;2007;65;169270617;2605;9476
Panama;Americas;1952;55;940080;2480;3803
Panama;Americas;1957;59;1063506;2961;8009
Panama;Americas;1962;62;1215725;3536;5403
Panama;Americas;1967;64;1405486;4421;91
Panama;Americas;1972;66;1616384;5364;2497
Panama;Americas;1977;69;1839782;5351;9121
Panama;Americas;1982;70;2036305;7009;6016
Panama;Americas;1987;72;2253639;7034;7792
Panama;Americas;1992;72;2484997;6618;7431
Panama;Americas;1997;74;2734531;7113;6923
Panama;Americas;2002;75;2990875;7356;319
Panama;Americas;2007;76;3242173;9809;1856
Paraguay;Americas;1952;63;1555876;1952;3087
Paraguay;Americas;1957;63;1770902;2046;1547
Paraguay;Americas;1962;64;2009813;2148;271
Paraguay;Americas;1967;65;2287985;2299;3763
Paraguay;Americas;1972;66;2614104;2523;3380
Paraguay;Americas;1977;66;2984494;3248;3733
Paraguay;Americas;1982;67;3366439;4258;5036
Paraguay;Americas;1987;67;3886512;3998;8757
Paraguay;Americas;1992;68;4483945;4196;4111
Paraguay;Americas;1997;69;5154123;4247;4003
Paraguay;Americas;2002;71;5884491;3783;6742
Paraguay;Americas;2007;72;6667147;4172;8385
Peru;Americas;1952;44;8025700;3758;5234
Peru;Americas;1957;46;9146100;4245;2567
Peru;Americas;1962;49;10516500;4957;380
Peru;Americas;1967;51;12132200;5788;933
Peru;Americas;1972;55;13954700;5937;8273
Peru;Americas;1977;58;15990099;6281;2909
Peru;Americas;1982;61;18125129;6434;5018
Peru;Americas;1987;64;20195924;6360;9434
Peru;Americas;1992;66;22430449;4446;3809
Peru;Americas;1997;68;24748122;5838;3477
Peru;Americas;2002;70;26769436;5909;201
Peru;Americas;2007;71;28674757;7408;9056
Philippines;Asia;1952;48;22438691;1272;8810
Philippines;Asia;1957;51;26072194;1547;9448
Philippines;Asia;1962;55;30325264;1649;5522
Philippines;Asia;1967;56;35356600;1814;1274
Philippines;Asia;1972;58;40850141;1989;3741
Philippines;Asia;1977;60;46850962;2373;2043
Philippines;Asia;1982;62;53456774;2603;2738
Philippines;Asia;1987;64;60017788;2189;6350
Philippines;Asia;1992;66;67185766;2279;3240
Philippines;Asia;1997;69;75012988;2536;5349
Philippines;Asia;2002;70;82995088;2650;9211
Philippines;Asia;2007;72;91077287;3190;4810
Poland;Europe;1952;61;25730551;4029;3297
Poland;Europe;1957;66;28235346;4734;2530
Poland;Europe;1962;68;30329617;5338;7521
Poland;Europe;1967;70;31785378;6557;1528
Poland;Europe;1972;71;33039545;8006;5070
Poland;Europe;1977;71;34621254;9508;1415
Poland;Europe;1982;71;36227381;8451;5310
Poland;Europe;1987;71;37740710;9082;3512
Poland;Europe;1992;71;38370697;7738;8812
Poland;Europe;1997;73;38654957;10159;5837
Poland;Europe;2002;75;38625976;12002;2391
Poland;Europe;2007;76;38518241;15389;9247
Portugal;Europe;1952;60;8526050;3068;3199
Portugal;Europe;1957;62;8817650;3774;5717
Portugal;Europe;1962;64;9019800;4727;9549
Portugal;Europe;1967;67;9103000;6361;5180
Portugal;Europe;1972;69;8970450;9022;2474
Portugal;Europe;1977;70;9662600;10172;4857
Portugal;Europe;1982;73;9859650;11753;8429
Portugal;Europe;1987;74;9915289;13039;3088
Portugal;Europe;1992;75;9927680;16207;2666
Portugal;Europe;1997;76;10156415;17641;316
Portugal;Europe;2002;77;10433867;19970;9079
Portugal;Europe;2007;78;10642836;20509;6478
Puerto Rico;Americas;1952;64;2227000;3081;9598
Puerto Rico;Americas;1957;69;2260000;3907;1562
Puerto Rico;Americas;1962;70;2448046;5108;3446
Puerto Rico;Americas;1967;71;2648961;6929;2777
Puerto Rico;Americas;1972;72;2847132;9123;417
Puerto Rico;Americas;1977;73;3080828;9770;5249
Puerto Rico;Americas;1982;74;3279001;10330;9892
Puerto Rico;Americas;1987;75;3444468;12281;3419
Puerto Rico;Americas;1992;74;3585176;14641;5871
Puerto Rico;Americas;1997;75;3759430;16999;4333
Puerto Rico;Americas;2002;78;3859606;18855;6062
Puerto Rico;Americas;2007;79;3942491;19328;7090
Reunion;Africa;1952;53;257700;2718;8853
Reunion;Africa;1957;55;308700;2769;4518
Reunion;Africa;1962;58;358900;3173;7233
Reunion;Africa;1967;61;414024;4021;1757
Reunion;Africa;1972;64;461633;5047;6586
Reunion;Africa;1977;67;492095;4319;8041
Reunion;Africa;1982;70;517810;5267;2194
Reunion;Africa;1987;72;562035;5303;3775
Reunion;Africa;1992;74;622191;NaN;2558
Reunion;Africa;1997;75;684810;6071;9414
Reunion;Africa;2002;76;743981;6316;1652
Reunion;Africa;2007;76;798094;7670;1226
Romania;Europe;NaN;61;16630000;3144;6132
Romania;Europe;1957;64;17829327;3943;3702
Romania;Europe;1962;67;18680721;NaN;9976
Romania;Europe;1967;67;19284814;6470;8665
Romania;Europe;1972;69;20662648;8011;4144
Romania;Europe;1977;69;21658597;9356;3972
Romania;Europe;1982;70;22356726;9605;3141
Romania;Europe;1987;70;22686371;9696;2733
Romania;Europe;1992;69;22797027;6598;4099
Romania;Europe;1997;70;22562458;7346;5476
Romania;Europe;2002;71;NaN;7885;3601
Romania;Europe;2007;72;22276056;10808;4756
Rwanda;Africa;1952;40;2534927;493;3239
Rwanda;Africa;1957;42;2822082;540;2894
Rwanda;Africa;1962;43;3051242;597;4731
Rwanda;Africa;1967;44;3451079;510;9637
Rwanda;Africa;1972;45;3992121;590;5807
Rwanda;Africa;1977;45;4657072;670;806
Rwanda;Africa;1982;46;5507565;881;5706
Rwanda;Africa;1987;44;6349365;847;9912
Rwanda;Africa;1992;24;7290203;737;686
Rwanda;Africa;1997;36;7212583;589;9445
Rwanda;Africa;2002;43;7852401;785;6538
Rwanda;Africa;2007;46;8860588;863;885
Sao Tome and Principe;Africa;1952;46;60011;879;5836
Sao Tome and Principe;Africa;1957;49;61325;860;7369
Sao Tome and Principe;Africa;1962;52;65345;1071;5511
Sao Tome and Principe;Africa;1967;54;70787;1384;8406
Sao Tome and Principe;Africa;1972;56;76595;1532;9853
Sao Tome and Principe;Africa;1977;59;86796;1737;5617
Sao Tome and Principe;Africa;1982;60;98593;1890;2181
Sao Tome and Principe;Africa;1987;62;110812;1516;5255
Sao Tome and Principe;Africa;1992;63;125911;1428;7778
Sao Tome and Principe;Africa;1997;63;145608;1339;760
Sao Tome and Principe;Africa;2002;64;170372;1353;924
Sao Tome and Principe;Africa;2007;66;199579;1598;4351
Saudi Arabia;NaN;1952;40;4005677;6459;5548
Saudi Arabia;Asia;1957;43;4419650;8157;5912
Saudi Arabia;Asia;1962;46;4943029;11626;4198
Saudi Arabia;Asia;1967;50;5618198;16903;489
Saudi Arabia;Asia;1972;54;6472756;24837;4287
Saudi Arabia;Asia;1977;59;8128505;34167;7626
Saudi Arabia;Asia;1982;63;11254672;33693;1753
Saudi Arabia;Asia;1987;66;14619745;21198;2614
Saudi Arabia;Asia;1992;69;16945857;24841;6178
Saudi Arabia;Asia;1997;71;21229759;20586;6902
Saudi Arabia;Asia;2002;72;24501530;19014;5412
Saudi Arabia;Asia;2007;73;27601038;21654;8319
Senegal;Africa;1952;37;2755589;1450;3570
Senegal;Africa;1957;39;3054547;1567;6530
Senegal;Africa;1962;41;3430243;1654;9887
Senegal;Africa;1967;44;3965841;1612;4046
Senegal;Africa;1972;46;4588696;1597;7121
Senegal;Africa;1977;49;5260855;1561;7691
Senegal;Africa;1982;52;6147783;1518;4800
Senegal;Africa;1987;56;7171347;1441;7207
Senegal;Africa;1992;58;8307920;1367;8994
Senegal;Africa;1997;60;9535314;1392;3683
Senegal;Africa;2002;62;10870037;1519;6353
Senegal;Africa;2007;63;12267493;1712;4721
Serbia;Europe;1952;58;6860147;3581;4594
Serbia;Europe;1957;62;7271135;4981;909
Serbia;Europe;1962;65;7616060;6289;6292
Serbia;Europe;1967;67;7971222;7991;7071
Serbia;Europe;1972;69;8313288;10522;675
Serbia;Europe;1977;70;8686367;12980;6696
Serbia;Europe;1982;70;9032824;15181;927
Serbia;Europe;1987;71;9230783;15870;8785
Serbia;Europe;1992;72;9826397;9325;682
Serbia;Europe;1997;72;10336594;7914;3203
Serbia;Europe;2002;73;10111559;7236;753
Serbia;Europe;2007;74;10150265;9786;5347
Sierra Leone;Africa;1952;30;2143249;879;7877
Sierra Leone;Africa;1957;32;2295678;1004;4844
Sierra Leone;Africa;1962;33;2467895;1116;6399
Sierra Leone;Africa;1967;34;2662190;1206;435
Sierra Leone;Africa;1972;35;2879013;1353;7598
Sierra Leone;Africa;1977;37;3140897;1348;2852
Sierra Leone;Africa;1982;38;3464522;1465;108
Sierra Leone;Africa;1987;40;3868905;1294;4478
Sierra Leone;Africa;1992;38;4260884;1068;6963
Sierra Leone;Africa;1997;40;4578212;574;6482
Sierra Leone;Africa;2002;41;5359092;699;4897
Sierra Leone;Africa;2007;43;6144562;862;5408
Singapore;Asia;1952;60;1127000;2315;1382
Singapore;Asia;1957;63;1445929;2843;1044
Singapore;Asia;1962;66;1750200;3674;7356
Singapore;Asia;1967;68;1977600;4977;4185
Singapore;Asia;1972;70;2152400;8597;7562
Singapore;Asia;1977;71;2325300;11210;895
Singapore;Asia;1982;72;2651869;15169;1611
Singapore;Asia;1987;74;2794552;18861;5308
Singapore;Asia;1992;76;3235865;24769;8912
Singapore;Asia;1997;77;3802309;33519;4766
Singapore;Asia;2002;79;4197776;36023;1054
Singapore;Asia;2007;80;4553009;47143;1796
Slovak Republic;Europe;1952;64;3558137;5074;6591
Slovak Republic;Europe;1957;67;3844277;6093;2630
Slovak Republic;Europe;1962;70;4237384;7481;1076
Slovak Republic;Europe;1967;71;4442238;8412;9024
Slovak Republic;Europe;1972;70;4593433;9674;1676
Slovak Republic;Europe;1977;70;4827803;10922;6640
Slovak Republic;Europe;1982;71;5048043;11348;5459
Slovak Republic;Europe;1987;71;5199318;12037;2676
Slovak Republic;Europe;1992;71;5302888;9498;4677
Slovak Republic;Europe;1997;73;5383010;12126;2307
Slovak Republic;Europe;2002;74;5410052;13638;7784
Slovak Republic;Europe;2007;75;5447502;18678;3144
Slovenia;Europe;1952;66;1489518;4215;417
Slovenia;Europe;1957;68;1533070;5862;2766
Slovenia;Europe;1962;69;1582962;7402;3034
Slovenia;Europe;1967;69;1646912;9405;4894
Slovenia;Europe;1972;70;1694510;12383;4862
Slovenia;Europe;1977;71;1746919;15277;302
Slovenia;Europe;1982;71;1861252;17866;7218
Slovenia;Europe;1987;72;1945870;18678;5349
Slovenia;Europe;1992;74;1999210;14214;7168
Slovenia;Europe;1997;75;2011612;17161;1074
Slovenia;Europe;2002;77;2011497;20660;194
Slovenia;Europe;2007;78;2009245;25768;2576
Somalia;Africa;1952;33;2526994;1135;7498
Somalia;Africa;1957;35;2780415;1258;1474
Somalia;Africa;1962;37;3080153;1369;4883
Somalia;Africa;1967;39;3428839;1284;7332
Somalia;Africa;1972;41;3840161;1254;5761
Somalia;Africa;1977;42;4353666;1450;9925
Somalia;Africa;1982;43;NaN;1176;8070
Somalia;Africa;1987;45;NaN;1093;2450
Somalia;Africa;1992;40;NaN;926;9603
Somalia;Africa;1997;44;NaN;930;5964
Somalia;Africa;2002;46;NaN;882;818
Somalia;Africa;2007;48;NaN;926;1411
South Africa;Africa;1952;45;NaN;4725;2955
South Africa;Africa;1957;48;NaN;5487;1042
South Africa;Africa;1962;50;NaN;5768;7297
South Africa;Africa;1967;52;NaN;7114;4780
South Africa;Africa;1972;54;23935810;7765;9626
South Africa;Africa;1977;56;27129932;8028;6514
South Africa;Africa;1982;58;31140029;8568;2662
South Africa;Africa;1987;61;35933379;7825;8234
South Africa;Africa;1992;62;39964159;7225;693
South Africa;Africa;1997;60;42835005;7479;1882
South Africa;Africa;2002;53;44433622;7710;9464
South Africa;Africa;2007;49;43997828;9269;6578
Spain;Europe;1952;65;28549870;3834;347
Spain;Europe;1957;67;29841614;4564;8024
Spain;Europe;1962;70;31158061;5693;8439
Spain;Europe;1967;71;32850275;7993;5123
Spain;Europe;1972;73;34513161;10638;7513
Spain;Europe;1977;74;36439000;13236;9212
Spain;Europe;1982;76;37983310;13926;1700
Spain;Europe;1987;77;38880702;15764;9831
Spain;Europe;1992;78;39549438;18603;645
Spain;Europe;1997;79;39855442;20445;2990
Spain;Europe;2002;80;40152517;24835;4717
Spain;Europe;2007;81;40448191;28821;637
Sri Lanka;Asia;1952;58;7982342;1083;5320
Sri Lanka;Asia;1957;61;9128546;1072;5466
Sri Lanka;Asia;1962;62;10421936;1074;4720
Sri Lanka;Asia;1967;64;11737396;1135;5143
Sri Lanka;Asia;1972;65;13016733;1213;3955
Sri Lanka;Asia;1977;66;14116836;NaN;7757
Sri Lanka;Asia;1982;69;15410151;1648;798
Sri Lanka;Asia;1987;69;16495304;1876;7668
Sri Lanka;Asia;1992;70;17587060;2153;7392
Sri Lanka;Asia;1997;70;18698655;2664;4773
Sri Lanka;Asia;2002;71;NaN;3015;3788
Sri Lanka;Asia;2007;72;20378239;3970;954
Sudan;Africa;1952;39;8504667;1615;9911
Sudan;Africa;1957;40;9753392;1770;3371
Sudan;Africa;1962;41;11183227;1959;5938
Sudan;Africa;1967;43;12716129;1687;9976
Sudan;Africa;1972;45;14597019;1659;6528
Sudan;Africa;1977;48;17104986;2202;9884
Sudan;Africa;1982;50;20367053;1895;5441
Sudan;Africa;1987;52;24725960;1507;8192
Sudan;Africa;1992;54;28227588;1492;1970
Sudan;Africa;1997;55;32160729;1632;2108
Sudan;Africa;2002;56;37090298;1993;3983
Sudan;Africa;2007;59;42292929;2602;3950
Swaziland;Africa;1952;41;290243;1148;3766
Swaziland;Africa;1957;43;326741;1244;7084
Swaziland;Africa;1962;45;370006;1856;1821
Swaziland;Africa;1967;47;NaN;2613;1017
Swaziland;Africa;1972;50;NaN;3364;8366
Swaziland;Africa;1977;53;NaN;3781;4106
Swaziland;Africa;1982;56;NaN;3895;3840
Swaziland;Africa;1987;58;NaN;3984;8398
Swaziland;Africa;1992;58;962344;3553;224
Swaziland;Africa;1997;54;1054486;3876;7685
Swaziland;Africa;2002;44;1130269;4128;1169
Swaziland;Africa;2007;40;1133066;4513;4806
Sweden;Europe;1952;72;7124673;8527;8447
Sweden;Europe;1957;72;7363802;9911;8782
Sweden;Europe;1962;73;7561588;12329;4419
Sweden;Europe;1967;74;7867931;15258;2970
Sweden;Europe;1972;75;8122293;17832;246
Sweden;Europe;1977;75;8251648;18855;7252
Sweden;Europe;1982;76;8325260;20667;3813
Sweden;Europe;1987;77;8421403;23586;9293
Sweden;Europe;1992;78;8718867;23880;168
Sweden;Europe;1997;79;8897619;25266;5950
Sweden;Europe;2002;80;8954175;29341;6309
Sweden;Europe;2007;81;9031088;33859;7484
Switzerland;Europe;1952;70;4815000;14734;2328
Switzerland;Europe;1957;71;5126000;17909;4897
Switzerland;Europe;1962;71;5666000;20431;927
Switzerland;Europe;1967;73;6063000;NaN;1443
Switzerland;Europe;1972;74;6401400;27195;1130
Switzerland;Europe;1977;75;6316424;26982;2905
Switzerland;Europe;1982;76;6468126;28397;7151
Switzerland;Europe;1987;77;6649942;30281;7046
Switzerland;Europe;1992;78;6995447;31871;5303
Switzerland;Europe;1997;79;7193761;32135;3230
Switzerland;Europe;2002;81;7361757;34480;9577
Switzerland;Europe;2007;82;7554661;37506;4191
Syria;Asia;1952;46;3661549;1643;4854
Syria;Asia;1957;48;4149908;2117;2349
Syria;Asia;1962;50;4834621;2193;371
Syria;Asia;1967;54;5680812;1881;9236
Syria;Asia;1972;57;6701172;2571;4230
Syria;Asia;1977;61;7932503;3195;4846
Syria;Asia;1982;65;9410494;3761;8377
Syria;Asia;1987;67;11242847;3116;7743
Syria;Asia;1992;69;13219062;NaN;5428
Syria;Asia;1997;72;15081016;4014;2390
Syria;Asia;2002;73;17155814;4090;9253
Syria;Asia;2007;74;19314747;4184;5481
Taiwan;Asia;NaN;59;8550362;1206;9479
Taiwan;Asia;1957;62;10164215;1507;8613
Taiwan;Asia;1962;65;11918938;1822;8790
Taiwan;Asia;1967;68;13648692;2643;8587
Taiwan;Asia;1972;69;15226039;4062;5239
Taiwan;Asia;1977;71;16785196;5596;5198
Taiwan;Asia;1982;72;18501390;7426;3548
Taiwan;Asia;1987;73;19757799;11054;5618
Taiwan;Asia;1992;74;20686918;15215;6579
Taiwan;Asia;1997;75;21628605;20206;8210
Taiwan;Asia;2002;77;22454239;23235;4233
Taiwan;Asia;2007;78;23174294;28718;2768
Tanzania;Africa;1952;41;8322925;716;6501
Tanzania;Africa;1957;43;9452826;698;5356
Tanzania;Africa;1962;44;10863958;722;38
Tanzania;Africa;1967;46;12607312;848;2187
Tanzania;Africa;1972;48;14706593;915;9851
Tanzania;Africa;1977;50;17129565;962;4923
Tanzania;Africa;1982;51;19844382;874;2426
Tanzania;Africa;1987;52;23040630;831;8221
Tanzania;Africa;1992;50;26605473;825;6825
Tanzania;Africa;1997;48;30686889;789;1862
Tanzania;Africa;2002;50;34593779;899;742
Tanzania;Africa;2007;53;38139640;1107;4822
Thailand;Asia;1952;51;21289402;757;7974
Thailand;Asia;1957;54;25041917;793;5774
Thailand;Asia;1962;56;29263397;1002;1992
Thailand;Asia;1967;58;34024249;1295;4607
Thailand;Asia;1972;60;39276153;1524;3589
Thailand;Asia;1977;62;44148285;1961;2246
Thailand;Asia;1982;65;48827160;2393;2198
Thailand;Asia;1987;66;52910342;2982;6538
Thailand;Asia;1992;67;56667095;4616;8965
Thailand;Asia;1997;68;60216677;5852;6255
Thailand;Asia;2002;69;62806748;5913;1875
Thailand;Asia;2007;71;65068149;7458;3963
Togo;Africa;1952;39;1219113;859;8087
Togo;Africa;1957;41;1357445;925;9083
Togo;Africa;1962;44;1528098;1067;5348
Togo;Africa;1967;47;1735550;1477;5968
Togo;Africa;1972;50;2056351;1649;6602
Togo;Africa;1977;53;2308582;1532;7770
Togo;Africa;1982;55;2644765;1344;5780
Togo;Africa;1987;57;3154264;1202;2014
Togo;Africa;1992;58;3747553;1034;2989
Togo;Africa;1997;58;4320890;982;2869
Togo;Africa;2002;58;4977378;886;2206
Togo;Africa;2007;58;5701579;882;9699
Trinidad and Tobago;Americas;1952;59;662850;3023;2719
Trinidad and Tobago;Americas;1957;62;764900;4100;3934
Trinidad and Tobago;Americas;1962;65;887498;4997;5240
Trinidad and Tobago;Americas;1967;65;960155;5621;3685
Trinidad and Tobago;Americas;1972;66;975199;6619;5514
Trinidad and Tobago;Americas;1977;68;1039009;7899;5542
Trinidad and Tobago;Americas;1982;69;1116479;9119;5286
Trinidad and Tobago;Americas;1987;70;1191336;7388;5978
Trinidad and Tobago;Americas;1992;70;1183669;7370;9909
Trinidad and Tobago;Americas;1997;69;1138101;8792;5731
Trinidad and Tobago;Americas;2002;69;1101832;11460;6002
Trinidad and Tobago;Americas;2007;70;1056608;18008;5092
Tunisia;Africa;1952;45;3647735;1468;4756
Tunisia;Africa;1957;47;3950849;1395;2325
Tunisia;Africa;1962;50;4286552;1660;3032
Tunisia;Africa;1967;52;4786986;1932;3602
Tunisia;Africa;1972;56;5303507;2753;2860
Tunisia;Africa;1977;60;6005061;3120;8768
Tunisia;Africa;1982;64;6734098;3560;2332
Tunisia;Africa;1987;67;7724976;3810;4193
Tunisia;Africa;1992;70;8523077;4332;7202
Tunisia;Africa;1997;72;9231669;4876;7986
Tunisia;Africa;2002;73;9770575;5722;8957
Tunisia;Africa;2007;74;10276158;7092;9230
Turkey;Europe;1952;44;22235677;1969;1010
Turkey;Europe;1957;48;25670939;2218;7543
Turkey;Europe;1962;52;29788695;2322;8699
Turkey;Europe;1967;54;33411317;2826;3564
Turkey;Europe;1972;57;37492953;3450;6964
Turkey;Europe;1977;60;42404033;4269;1223
Turkey;Europe;1982;61;47328791;4241;3563
Turkey;Europe;1987;63;52881328;5089;437
Turkey;Europe;1992;66;58179144;5678;3483
Turkey;Europe;1997;69;63047647;6601;4299
Turkey;Europe;2002;71;67308928;6508;857
Turkey;Europe;2007;72;71158647;8458;2764
Uganda;Africa;1952;40;5824797;734;7535
Uganda;Africa;1957;43;6675501;774;3711
Uganda;Africa;1962;45;7688797;767;2717
Uganda;Africa;1967;48;8900294;908;9185
Uganda;Africa;1972;51;10190285;950;7359
Uganda;Africa;1977;50;11457758;843;7331
Uganda;Africa;1982;50;12939400;682;2662
Uganda;Africa;1987;52;15283050;617;7244
Uganda;Africa;1992;49;18252190;644;1708
Uganda;Africa;1997;45;21210254;816;5591
Uganda;Africa;2002;48;24739869;927;7210
Uganda;Africa;2007;52;29170398;1056;3801
United Kingdom;Europe;1952;69;50430000;9979;5085
United Kingdom;Europe;1957;70;51430000;11283;1780
United Kingdom;Europe;1962;71;53292000;12477;1771
United Kingdom;Europe;1967;71;54959000;14142;8509
United Kingdom;Europe;1972;72;56079000;15895;1164
United Kingdom;Europe;1977;73;56179000;17428;7485
United Kingdom;Europe;1982;74;56339704;18232;4245
United Kingdom;Europe;1987;75;56981620;21664;7877
United Kingdom;Europe;1992;76;57866349;22705;925
United Kingdom;Europe;1997;77;58808266;26074;5314
United Kingdom;Europe;2002;78;59912431;29478;9992
United Kingdom;Europe;2007;79;60776238;33203;2613
United States;Americas;1952;68;157553000;13990;4821
United States;Americas;1957;69;171984000;14847;1271
United States;Americas;1962;70;186538000;16173;1459
United States;Americas;1967;71;198712000;19530;3656
United States;Americas;1972;71;209896000;21806;359
United States;Americas;1977;73;220239000;24072;6321
United States;Americas;1982;75;232187835;25009;5591
United States;Americas;1987;75;242803533;29884;3504
United States;Americas;1992;76;256894189;32003;9322
United States;Americas;1997;77;272911760;35767;4330
United States;Americas;2002;77;287675526;39097;996
United States;Americas;2007;78;301139947;42951;6531
Uruguay;Americas;1952;66;2252965;5716;7667
Uruguay;Americas;1957;67;2424959;6150;7730
Uruguay;Americas;1962;68;2598466;5603;3577
Uruguay;Americas;1967;68;2748579;5444;6196
Uruguay;Americas;1972;69;2829526;5703;4089
Uruguay;Americas;1977;69;2873520;6504;3397
Uruguay;Americas;1982;71;2953997;6920;2231
Uruguay;Americas;1987;72;3045153;7452;3990
Uruguay;Americas;1992;73;3149262;8137;48
Uruguay;Americas;1997;74;3262838;9230;2407
Uruguay;Americas;2002;75;3363085;7727;20
Uruguay;Americas;2007;76;3447496;10611;4630
Venezuela;Americas;1952;55;5439568;7689;7998
Venezuela;Americas;1957;58;6702668;9802;4665
Venezuela;Americas;1962;61;8143375;8422;9742
Venezuela;Americas;1967;63;9709552;9541;4742
Venezuela;Americas;1972;66;11515649;10505;2597
Venezuela;Americas;1977;67;13503563;13143;9510
Venezuela;Americas;1982;69;15620766;11152;4101
Venezuela;Americas;1987;70;17910182;9883;5846
Venezuela;Americas;1992;71;20265563;10733;9263
Venezuela;Americas;1997;72;22374398;10165;4952
Venezuela;Americas;2002;73;24287670;8605;478
Venezuela;Americas;2007;74;26084662;11415;8057
Vietnam;Asia;1952;40;26246839;605;665
Vietnam;Asia;1957;43;28998543;676;2854
Vietnam;Asia;1962;45;33796140;772;492
Vietnam;Asia;1967;48;39463910;637;1233
Vietnam;Asia;1972;50;44655014;699;5016
Vietnam;Asia;1977;56;50533506;713;5371
Vietnam;Asia;1982;59;56142181;707;2358
Vietnam;Asia;1987;63;62826491;820;7994
Vietnam;Asia;1992;68;69940728;989;231
Vietnam;Asia;1997;71;76048996;1385;8968
Vietnam;Asia;2002;73;80908147;1764;4567
Vietnam;Asia;2007;74;85262356;2441;5764
West Bank and Gaza;Asia;1952;43;1030585;1515;5923
West Bank and Gaza;Asia;1957;46;1070439;1827;677
West Bank and Gaza;Asia;1962;48;1133134;2198;9563
West Bank and Gaza;Asia;1967;52;1142636;2649;7150
West Bank and Gaza;Asia;1972;57;1089572;3133;4093
West Bank and Gaza;Asia;1977;61;1261091;3682;8315
West Bank and Gaza;Asia;1982;64;1425876;4336;321
West Bank and Gaza;Asia;1987;67;1691210;5107;1974
West Bank and Gaza;Asia;1992;70;2104779;6017;6548
West Bank and Gaza;Asia;1997;71;2826046;7110;6676
West Bank and Gaza;Asia;2002;72;3389578;4515;4876
West Bank and Gaza;Asia;2007;73;4018332;3025;3498
Zambia;Africa;1952;42;2672000;1147;3888
Zambia;Africa;1957;44;3016000;1311;9568
Zambia;Africa;1962;46;3421000;1452;7258
Zambia;Africa;1967;48;3900000;1777;773
Zambia;Africa;1972;50;4506497;1773;4983
Zambia;Africa;1977;51;5216550;1588;6883
Zambia;Africa;1982;52;6100407;1408;6786
Zambia;Africa;1987;51;7272406;1213;3151
Zambia;Africa;1992;46;8381163;1210;8846
Zambia;Africa;1997;40;9417789;1071;3538
Zambia;Africa;2002;39;10595811;1071;6139
Zambia;Africa;2007;42;11746035;1271;2116
Zimbabwe;Africa;1952;48;3080907;406;8841
Zimbabwe;Africa;1957;50;3646340;518;7643
Zimbabwe;Africa;1962;52;4277736;527;2722
Zimbabwe;Africa;1967;54;4995432;569;7951
Zimbabwe;Africa;1972;56;5861135;799;3622
Zimbabwe;Africa;1977;58;6642107;685;5877
Zimbabwe;Africa;1982;60;7636524;788;8550
Zimbabwe;Africa;1987;62;9216418;706;1573
Zimbabwe;Africa;1992;60;10704340;693;4208
Zimbabwe;Africa;1997;47;11404948;792;4500
Zimbabwe;Africa;2002;40;11926563;672;386
Zimbabwe;Africa;2007;43;12311143;469;7093